{
  "project_info": {
    "project_number": "629764758925",
    "firebase_url": "https://telkes-51623-default-rtdb.firebaseio.com",
    "project_id": "telkes-51623",
    "storage_bucket": "telkes-51623.appspot.com"
  },
  "client": [
    {
      "client_info": {
        "mobilesdk_app_id": "1:629764758925:android:a0ee4c25ea59f3d203f1c4",
        "android_client_info": {
          "package_name": "com.mycompany.telkes"
        }
      },
      "oauth_client": [
        {
          "client_id": "629764758925-7euta5efq7188avs5tor18vg31kqc2ln.apps.googleusercontent.com",
          "client_type": 1,
          "android_info": {
            "package_name": "com.mycompany.telkes",
            "certificate_hash": "9bbb3186b2189ef16d8f272bdab59362c395cbb4"
          }
        },
        {
          "client_id": "629764758925-161mkrepirdu6qqakiqi4a341n4t43l8.apps.googleusercontent.com",
          "client_type": 3
        }
      ],
      "api_key": [
        {
          "current_key": "AIzaSyCWiibOtpXfRuxjYRheyhug9o18CSGfPcA"
        }
      ],
      "services": {
        "appinvite_service": {
          "other_platform_oauth_client": [
            {
              "client_id": "629764758925-161mkrepirdu6qqakiqi4a341n4t43l8.apps.googleusercontent.com",
              "client_type": 3
            },
            {
              "client_id": "629764758925-sqe70gcft1sb65gl7i79rkbgqplamrdg.apps.googleusercontent.com",
              "client_type": 2,
              "ios_info": {
                "bundle_id": "com.mycompany.telkes"
              }
            }
          ]
        }
      }
    },
    {
      "client_info": {
        "mobilesdk_app_id": "1:629764758925:android:4d9757c2408b6e7303f1c4",
        "android_client_info": {
          "package_name": "kodular.io.telkes.com"
        }
      },
      "oauth_client": [
        {
          "client_id": "629764758925-5q0uqlg5e1l52g8poo5rsqp2ugqsmm0l.apps.googleusercontent.com",
          "client_type": 1,
          "android_info": {
            "package_name": "kodular.io.telkes.com",
            "certificate_hash": "883495a73947ed0b1cfd216dc9ac54a3dd3fae9a"
          }
        },
        {
          "client_id": "629764758925-a6p6g9ulhkmnillqs4rmkurcom7p5dt1.apps.googleusercontent.com",
          "client_type": 1,
          "android_info": {
            "package_name": "kodular.io.telkes.com",
            "certificate_hash": "9bbb3186b2189ef16d8f272bdab59362c395cbb4"
          }
        },
        {
          "client_id": "629764758925-161mkrepirdu6qqakiqi4a341n4t43l8.apps.googleusercontent.com",
          "client_type": 3
        }
      ],
      "api_key": [
        {
          "current_key": "AIzaSyCWiibOtpXfRuxjYRheyhug9o18CSGfPcA"
        }
      ],
      "services": {
        "appinvite_service": {
          "other_platform_oauth_client": [
            {
              "client_id": "629764758925-161mkrepirdu6qqakiqi4a341n4t43l8.apps.googleusercontent.com",
              "client_type": 3
            },
            {
              "client_id": "629764758925-sqe70gcft1sb65gl7i79rkbgqplamrdg.apps.googleusercontent.com",
              "client_type": 2,
              "ios_info": {
                "bundle_id": "com.mycompany.telkes"
              }
            }
          ]
        }
      }
    }
  ],
  "configuration_version": "1"
}